{"cameraMode":{"drawMode":0,"name":"Shaded","section":"Shading Mode"},"sceneLighting":true,"audioPlay":false,"sceneViewState":{"m_AlwaysRefresh":false,"showFog":true,"showSkybox":true,"showFlares":true,"showImageEffects":true,"showParticleSystems":true,"showVisualEffectGraphs":true,"m_FxEnabled":true},"in2DMode":false,"pivot":{"x":2.886892795562744,"y":2.6136841773986818,"z":-3.1425561904907228},"rotation":{"x":-0.025195371359586717,"y":0.9702587723731995,"z":-0.11582164466381073,"w":-0.2110666036605835},"size":1.2395799160003663,"orthographic":false}